FUND,ACCOUNT,LOAD_DATE,LOAD_TIME,B_TO_A_ROLL_LAST_ZERO_BALANCE,CLOSE_TFR_529_OMB,FIRST_PURCH_AMT,INITIAL_INVESTMENT,LASTMAINT,LASTMAINT_OPID,LASTMAINT_TIME,PAY_TO_PLAY,PURCHASED_THROUGH_MF_SHARES,SUPPRESS_ACU_INVESTMENT_HST,SUPPRESS_PROSPECTUS
2011,37225439672,0001-01-01,00:00:00,0001-01-01,N,0.0,0001-01-01,2014-08-06,HARJCS  ,17:25:37,I,0.0,N,N
2010,78168939497,2018-09-13,22:58:14,0001-01-01,N,0.0,0001-01-01,2018-09-13,HARMHI  ,16:51:29,I,0.0,N,N
2223,25532124514,2018-09-13,22:58:14,0001-01-01,N,0.0,0001-01-01,2018-09-13,HARMHI  ,16:51:29,I,0.0,N,N
2412,15416963533,2018-09-13,22:58:14,0001-01-01,N,0.0,0001-01-01,2018-09-13,HARMHI  ,16:51:29,I,0.0,N,N
2511,73867369570,2018-09-13,22:58:14,0001-01-01,N,0.0,0001-01-01,2018-09-13,HARMHI  ,16:51:29,I,0.0,N,N
2012,53826530680,2019-10-19,00:02:11,0001-01-01,N,0.0,0001-01-01,2019-10-18,HARFAB  ,12:06:53,I,0.0,N,N
2512,65916118900,2018-09-13,22:58:14,0001-01-01,N,0.0,0001-01-01,2018-09-13,HARMHI  ,16:51:29,I,0.0,N,N
2511,40459964594,2019-10-19,00:02:11,0001-01-01,N,0.0,0001-01-01,2019-10-18,HARFAB  ,12:06:53,I,0.0,N,N
2511,78531477440,2019-10-19,00:02:11,0001-01-01,N,0.0,0001-01-01,2019-10-18,HARFAB  ,12:06:53,I,0.0,N,N
2512,66792953561,2018-09-13,22:58:14,0001-01-01,N,0.0,0001-01-01,2018-09-13,HARMHI  ,16:51:29,I,0.0,N,N
2512,57435120454,2019-10-19,00:02:11,0001-01-01,N,0.0,0001-01-01,2019-10-18,HARFAB  ,12:06:53,I,0.0,N,N
2512,11257091419,2018-09-13,22:58:14,0001-01-01,N,0.0,0001-01-01,2018-09-13,HARMHI  ,16:51:29,I,0.0,N,N
2512,36168028334,2019-10-19,00:02:11,0001-01-01,N,0.0,0001-01-01,2019-10-18,HARFAB  ,12:06:53,I,0.0,N,N
2512,52939164988,2018-09-13,22:58:14,0001-01-01,N,0.0,0001-01-01,2018-09-13,HARMHI  ,16:51:29,I,0.0,N,N
2512,10754154638,2018-09-13,22:58:14,0001-01-01,N,0.0,0001-01-01,2018-09-13,HARMHI  ,16:51:29,I,0.0,N,N
2512,77533806768,2018-09-13,22:58:14,0001-01-01,N,0.0,0001-01-01,2018-09-13,HARMHI  ,16:51:29,I,0.0,N,N
2512,45659588625,2018-09-13,22:58:14,0001-01-01,N,0.0,0001-01-01,2018-09-13,HARMHI  ,16:51:29,I,0.0,N,N
2512,16631565502,2018-09-13,22:58:14,0001-01-01,N,0.0,0001-01-01,2018-09-13,HARMHI  ,16:51:29,I,0.0,N,N
2512,44663013663,2018-09-13,22:58:14,0001-01-01,N,0.0,0001-01-01,2018-09-13,HARMHI  ,16:51:29,I,0.0,N,N
2512,51818772561,2018-09-13,22:58:14,0001-01-01,N,0.0,0001-01-01,2018-09-13,HARMHI  ,16:51:29,I,0.0,N,N
2512,31037959267,2019-10-19,00:02:11,0001-01-01,N,0.0,0001-01-01,2019-10-18,HARFAB  ,12:06:53,I,0.0,N,N
2011,61504608150,2019-11-07,22:38:17,0001-01-01,N,0.0,0001-01-01,2019-11-07,HARFAB  ,16:11:21,I,0.0,N,N
2011,12335960354,2019-11-07,22:38:17,0001-01-01,N,0.0,0001-01-01,2019-11-07,HARFAB  ,16:11:21,I,0.0,N,N
2012,24810325845,2019-11-07,22:38:17,0001-01-01,N,0.0,0001-01-01,2019-11-07,HARFAB  ,16:11:21,I,0.0,N,N
2012,41598494645,2019-11-07,22:38:17,0001-01-01,N,0.0,0001-01-01,2019-11-07,HARFAB  ,16:11:21,I,0.0,N,N
2512,53203748196,2018-09-13,22:58:14,0001-01-01,N,0.0,0001-01-01,2018-09-13,HARMHI  ,16:51:29,I,0.0,N,N
2513,41101825583,2018-09-13,22:58:14,0001-01-01,N,0.0,0001-01-01,2018-09-13,HARMHI  ,16:51:29,I,0.0,N,N
2015,69090176550,2019-11-07,22:38:17,0001-01-01,N,0.0,0001-01-01,2019-11-07,HARFAB  ,16:11:21,I,0.0,N,N
2024,50983733652,2019-11-07,22:38:17,0001-01-01,N,0.0,0001-01-01,2019-11-07,HARFAB  ,16:11:21,I,0.0,N,N
2411,56300185872,2019-11-07,22:38:17,0001-01-01,N,0.0,0001-01-01,2019-11-07,HARFAB  ,16:11:21,I,0.0,N,N
2511,59079367660,2019-11-07,22:38:17,0001-01-01,N,0.0,0001-01-01,2019-11-07,HARFAB  ,16:11:21,I,0.0,N,N
2511,66937886134,2019-11-07,22:38:17,0001-01-01,N,0.0,0001-01-01,2019-11-07,HARFAB  ,16:11:21,I,0.0,N,N
2011,30590284692,2020-02-11,22:59:56,0001-01-01,N,0.0,0001-01-01,2020-02-11,HARFAB  ,15:08:04,I,0.0,N,N
2012,74518828225,2020-02-11,22:59:56,0001-01-01,N,0.0,0001-01-01,2020-02-11,HARFAB  ,15:08:04,I,0.0,N,N
2012,21988726406,2020-02-11,22:59:56,0001-01-01,N,0.0,0001-01-01,2020-02-11,HARFAB  ,15:08:04,I,0.0,N,N
2012,75979285628,2020-02-11,22:59:56,0001-01-01,N,0.0,0001-01-01,2020-02-11,HARFAB  ,15:08:04,I,0.0,N,N
2012,16788262214,2020-02-11,22:59:56,0001-01-01,N,0.0,0001-01-01,2020-02-11,HARFAB  ,15:08:04,I,0.0,N,N
2511,82000687693,2020-02-11,22:59:56,0001-01-01,N,0.0,0001-01-01,2020-02-11,HARFAB  ,15:08:04,I,0.0,N,N
2511,44751653080,2020-02-11,22:59:56,0001-01-01,N,0.0,0001-01-01,2020-02-11,HARFAB  ,15:08:04,I,0.0,N,N
2512,51704546479,2020-02-11,22:59:56,0001-01-01,N,0.0,0001-01-01,2020-02-11,HARFAB  ,15:08:04,I,0.0,N,N
2512,52364832148,2020-02-11,22:59:56,0001-01-01,N,0.0,0001-01-01,2020-02-11,HARFAB  ,15:08:04,I,0.0,N,N
2512,40602587167,2020-02-11,22:59:56,0001-01-01,N,0.0,0001-01-01,2020-02-11,HARFAB  ,15:08:04,I,0.0,N,N
2514,28804683359,2020-02-11,22:59:56,0001-01-01,N,0.0,0001-01-01,2020-02-11,HARFAB  ,15:08:04,I,0.0,N,N
2537,43917474733,2020-02-11,22:59:56,0001-01-01,N,0.0,0001-01-01,2020-02-11,HARFAB  ,15:08:04,I,0.0,N,N
2010,14866991772,0001-01-01,00:00:00,0001-01-01,N,0.0,0001-01-01,2013-01-09,HARGMC  ,12:40:18,I,0.0,N,N
2010,11968813094,0001-01-01,00:00:00,0001-01-01,N,0.0,0001-01-01,2014-12-11,HARTPE  ,15:48:31,I,0.0,N,N
2011,48900922876,0001-01-01,00:00:00,0001-01-01,N,0.0,0001-01-01,2013-01-09,HARGMC  ,12:40:18,I,0.0,N,N
2011,29676824619,0001-01-01,00:00:00,0001-01-01,N,0.0,0001-01-01,2013-01-09,HARGMC  ,12:40:18,I,0.0,N,N
2011,24916078487,0001-01-01,00:00:00,0001-01-01,N,0.0,0001-01-01,2011-09-19,HARDBA  ,14:32:07,I,0.0,N,N
2011,32407550949,0001-01-01,00:00:00,0001-01-01,N,0.0,0001-01-01,2013-01-09,HARGMC  ,12:40:18,I,0.0,N,N
2011,30379628967,0001-01-01,00:00:00,0001-01-01,N,0.0,0001-01-01,2013-01-09,HARGMC  ,12:40:18,I,0.0,N,N
2011,15277756780,0001-01-01,00:00:00,0001-01-01,N,0.0,0001-01-01,2013-01-09,HARGMC  ,12:40:18,I,0.0,N,N
2011,38710229716,0001-01-01,00:00:00,0001-01-01,N,0.0,0001-01-01,2013-01-09,HARGMC  ,12:40:18,I,0.0,N,N
2011,77016039169,0001-01-01,00:00:00,0001-01-01,N,0.0,0001-01-01,2013-01-09,HARGMC  ,12:40:18,I,0.0,N,N
2011,61980335204,0001-01-01,00:00:00,0001-01-01,N,0.0,0001-01-01,2013-01-09,HARGMC  ,12:40:18,I,0.0,N,N
2011,35898063034,0001-01-01,00:00:00,0001-01-01,N,0.0,0001-01-01,2013-01-09,HARGMC  ,12:40:18,I,0.0,N,N
2011,30266617521,0001-01-01,00:00:00,0001-01-01,N,0.0,0001-01-01,2013-01-09,HARGMC  ,12:40:18,I,0.0,N,N
2011,16760090601,0001-01-01,00:00:00,0001-01-01,N,0.0,0001-01-01,2013-01-09,HARGMC  ,12:40:18,I,0.0,N,N
2011,27109723415,0001-01-01,00:00:00,0001-01-01,N,0.0,0001-01-01,2013-01-09,HARGMC  ,12:40:18,I,0.0,N,N
2011,55430397573,0001-01-01,00:00:00,0001-01-01,N,0.0,0001-01-01,2013-01-09,HARGMC  ,12:40:18,I,0.0,N,N
2011,65260229458,0001-01-01,00:00:00,0001-01-01,N,0.0,0001-01-01,2011-09-19,HARDBA  ,14:32:07,I,0.0,N,N
2011,65166245967,0001-01-01,00:00:00,0001-01-01,N,0.0,0001-01-01,2013-01-09,HARGMC  ,12:40:18,I,0.0,N,N
2011,61398540688,0001-01-01,00:00:00,0001-01-01,N,0.0,0001-01-01,2013-01-09,HARGMC  ,12:40:18,I,0.0,N,N
2011,72105924913,0001-01-01,00:00:00,0001-01-01,N,0.0,0001-01-01,2015-07-13,HARJCS  ,17:31:10,I,0.0,N,N
2011,38515308470,0001-01-01,00:00:00,0001-01-01,N,0.0,0001-01-01,2013-01-09,HARGMC  ,12:40:18,I,0.0,N,N
2011,40573792820,0001-01-01,00:00:00,0001-01-01,N,0.0,0001-01-01,2013-01-09,HARGMC  ,12:40:18,I,0.0,N,N
2011,74370216134,0001-01-01,00:00:00,0001-01-01,N,0.0,0001-01-01,2016-11-04,HARJCS  ,11:23:10,I,0.0,N,N
2011,58917020866,0001-01-01,00:00:00,0001-01-01,N,0.0,0001-01-01,2014-04-16,HARJCS  ,14:26:43,I,0.0,N,N
2011,25470818867,0001-01-01,00:00:00,0001-01-01,N,0.0,0001-01-01,2014-12-11,HARTPE  ,15:48:30,I,0.0,N,N
2011,81512963837,0001-01-01,00:00:00,0001-01-01,N,0.0,0001-01-01,2015-02-06,HARJCS  ,16:42:02,I,0.0,N,N
2011,35853024061,0001-01-01,00:00:00,0001-01-01,N,0.0,0001-01-01,2015-02-06,HARJCS  ,16:42:02,I,0.0,N,N
2011,54717482227,0001-01-01,00:00:00,0001-01-01,N,0.0,0001-01-01,2015-02-06,HARJCS  ,16:42:02,I,0.0,N,N
2011,23796166492,0001-01-01,00:00:00,0001-01-01,N,0.0,0001-01-01,2015-02-06,HARJCS  ,16:42:02,I,0.0,N,N
2011,10072399123,0001-01-01,00:00:00,0001-01-01,N,0.0,0001-01-01,2016-08-09,HARJCS  ,08:33:26,I,0.0,N,N
2011,18897321223,0001-01-01,00:00:00,0001-01-01,N,0.0,0001-01-01,2016-09-09,HARJCS  ,09:29:36,I,0.0,N,N
2011,57197782790,0001-01-01,00:00:00,0001-01-01,N,0.0,0001-01-01,2013-01-09,HARGMC  ,12:40:18,I,0.0,N,N
2011,27164198918,0001-01-01,00:00:00,0001-01-01,N,0.0,0001-01-01,2013-01-09,HARGMC  ,12:40:18,I,0.0,N,N
2011,39778091313,0001-01-01,00:00:00,0001-01-01,N,0.0,0001-01-01,2011-10-11,HARDBA  ,13:43:26,I,0.0,N,N
2011,11620798587,0001-01-01,00:00:00,0001-01-01,N,0.0,0001-01-01,2011-10-11,HARDBA  ,13:43:26,I,0.0,N,N
2011,47800573929,0001-01-01,00:00:00,0001-01-01,N,0.0,0001-01-01,2013-01-09,HARGMC  ,12:40:18,I,0.0,N,N
2011,59984602546,0001-01-01,00:00:00,0001-01-01,N,0.0,0001-01-01,2013-01-09,HARGMC  ,12:40:18,I,0.0,N,N
2011,60927794035,0001-01-01,00:00:00,0001-01-01,N,0.0,0001-01-01,2013-01-09,HARGMC  ,12:40:18,I,0.0,N,N
2011,26454616388,0001-01-01,00:00:00,0001-01-01,N,0.0,0001-01-01,2013-01-09,HARGMC  ,12:40:18,I,0.0,N,N
2011,68729062465,0001-01-01,00:00:00,0001-01-01,N,0.0,0001-01-01,2013-01-09,HARGMC  ,12:40:18,I,0.0,N,N
2011,74919795115,0001-01-01,00:00:00,0001-01-01,N,0.0,0001-01-01,2013-01-09,HARGMC  ,12:40:18,I,0.0,N,N
2011,69988510689,0001-01-01,00:00:00,0001-01-01,N,0.0,0001-01-01,2013-01-09,HARGMC  ,12:40:18,I,0.0,N,N
2011,63280345306,0001-01-01,00:00:00,0001-01-01,N,0.0,0001-01-01,2013-01-09,HARGMC  ,12:40:18,I,0.0,N,N
2011,27374955240,0001-01-01,00:00:00,0001-01-01,N,0.0,0001-01-01,2013-01-09,HARGMC  ,12:40:18,I,0.0,N,N
2011,34991408513,0001-01-01,00:00:00,0001-01-01,N,0.0,0001-01-01,2013-01-09,HARGMC  ,12:40:18,I,0.0,N,N
2011,63456358862,0001-01-01,00:00:00,0001-01-01,N,0.0,0001-01-01,2013-01-09,HARGMC  ,12:40:18,I,0.0,N,N
2011,34733632291,0001-01-01,00:00:00,0001-01-01,N,0.0,0001-01-01,2013-01-09,HARGMC  ,12:40:18,I,0.0,N,N
2011,55702296955,0001-01-01,00:00:00,0001-01-01,N,0.0,0001-01-01,2013-01-09,HARGMC  ,12:40:18,I,0.0,N,N
2011,12777233720,0001-01-01,00:00:00,0001-01-01,N,0.0,0001-01-01,2013-01-09,HARGMC  ,12:40:18,I,0.0,N,N
2011,65868990890,0001-01-01,00:00:00,0001-01-01,N,0.0,0001-01-01,2013-01-09,HARGMC  ,12:40:18,I,0.0,N,N
2011,64355545804,0001-01-01,00:00:00,0001-01-01,N,0.0,0001-01-01,2013-01-09,HARGMC  ,12:40:18,I,0.0,N,N
2011,78041058351,0001-01-01,00:00:00,0001-01-01,N,0.0,0001-01-01,2013-01-09,HARGMC  ,12:40:18,I,0.0,N,N
2011,20572249656,0001-01-01,00:00:00,0001-01-01,N,0.0,0001-01-01,2013-01-09,HARGMC  ,12:40:18,I,0.0,N,N
2011,24141572032,0001-01-01,00:00:00,0001-01-01,N,0.0,0001-01-01,2013-01-09,HARGMC  ,12:40:18,I,0.0,N,N
2011,54705551258,0001-01-01,00:00:00,0001-01-01,N,0.0,0001-01-01,2013-01-09,HARGMC  ,12:40:18,I,0.0,N,N
2011,74181320498,0001-01-01,00:00:00,0001-01-01,N,0.0,0001-01-01,2013-01-09,HARGMC  ,12:40:18,I,0.0,N,N
2011,29101660930,0001-01-01,00:00:00,0001-01-01,N,0.0,0001-01-01,2013-01-09,HARGMC  ,12:40:18,I,0.0,N,N
2011,39435296588,0001-01-01,00:00:00,0001-01-01,N,0.0,0001-01-01,2013-01-09,HARGMC  ,12:40:18,I,0.0,N,N
2011,60943205830,0001-01-01,00:00:00,0001-01-01,N,0.0,0001-01-01,2013-01-09,HARGMC  ,12:40:18,I,0.0,N,N
2011,35366951477,0001-01-01,00:00:00,0001-01-01,N,0.0,0001-01-01,2013-01-09,HARGMC  ,12:40:18,I,0.0,N,N
2011,13927919639,0001-01-01,00:00:00,0001-01-01,N,0.0,0001-01-01,2013-01-09,HARGMC  ,12:40:18,I,0.0,N,N
2011,48879592481,0001-01-01,00:00:00,0001-01-01,N,0.0,0001-01-01,2013-01-09,HARGMC  ,12:40:18,I,0.0,N,N
2011,56855068380,0001-01-01,00:00:00,0001-01-01,N,0.0,0001-01-01,2013-02-20,HARGMC  ,13:36:14,I,0.0,N,N
2011,34986157549,0001-01-01,00:00:00,0001-01-01,N,0.0,0001-01-01,2013-02-20,HARGMC  ,13:36:14,I,0.0,N,N
2011,34392232586,0001-01-01,00:00:00,0001-01-01,N,0.0,0001-01-01,2013-02-20,HARGMC  ,13:36:14,I,0.0,N,N
2011,88241683453,0001-01-01,00:00:00,0001-01-01,N,0.0,0001-01-01,2013-04-09,HARGMC  ,13:39:15,I,0.0,N,N
2011,21847088271,0001-01-01,00:00:00,0001-01-01,N,0.0,0001-01-01,2013-05-08,HARGMC  ,07:55:44,I,0.0,N,N
2011,11705756488,0001-01-01,00:00:00,0001-01-01,N,0.0,0001-01-01,2013-06-11,HARGMC  ,10:48:31,I,0.0,N,N
2011,39496993955,0001-01-01,00:00:00,0001-01-01,N,0.0,0001-01-01,2013-06-11,HARGMC  ,10:48:31,I,0.0,N,N
2011,76913201069,0001-01-01,00:00:00,0001-01-01,N,0.0,0001-01-01,2013-06-11,HARGMC  ,10:48:31,I,0.0,N,N
2011,18305714658,0001-01-01,00:00:00,0001-01-01,N,0.0,0001-01-01,2013-07-05,HARGMC  ,05:39:37,I,0.0,N,N
2011,23763605087,0001-01-01,00:00:00,0001-01-01,N,0.0,0001-01-01,2013-07-05,HARGMC  ,05:39:38,I,0.0,N,N
2011,40856564196,0001-01-01,00:00:00,0001-01-01,N,0.0,0001-01-01,2013-07-05,HARGMC  ,05:39:38,I,0.0,N,N
2011,18583497004,0001-01-01,00:00:00,0001-01-01,N,0.0,0001-01-01,2013-07-05,HARGMC  ,05:39:38,I,0.0,N,N
2011,48230386444,0001-01-01,00:00:00,0001-01-01,N,0.0,0001-01-01,2013-07-05,HARGMC  ,05:39:38,I,0.0,N,N
2011,39254985967,0001-01-01,00:00:00,0001-01-01,N,0.0,0001-01-01,2013-08-14,HARTPE  ,08:20:55,I,0.0,N,N
2011,55515208383,0001-01-01,00:00:00,0001-01-01,N,0.0,0001-01-01,2013-09-12,HARXXX  ,12:18:21,I,0.0,N,N
2011,79520629810,0001-01-01,00:00:00,0001-01-01,N,0.0,0001-01-01,2013-09-12,HARXXX  ,12:18:21,I,0.0,N,N
2011,16589653141,0001-01-01,00:00:00,0001-01-01,N,0.0,0001-01-01,2014-04-16,HARJCS  ,14:26:43,I,0.0,N,N
2011,19354738662,0001-01-01,00:00:00,0001-01-01,N,0.0,0001-01-01,2014-04-16,HARJCS  ,14:26:43,I,0.0,N,N
2011,82434783353,0001-01-01,00:00:00,0001-01-01,N,0.0,0001-01-01,2013-12-10,HARJCS  ,11:52:39,I,0.0,N,N
2011,71680791798,0001-01-01,00:00:00,0001-01-01,N,0.0,0001-01-01,2013-12-10,HARJCS  ,11:52:39,I,0.0,N,N
2011,25062686405,0001-01-01,00:00:00,0001-01-01,N,0.0,0001-01-01,2014-01-08,HARGMC  ,06:48:30,I,0.0,N,N
2011,39788860580,0001-01-01,00:00:00,0001-01-01,N,0.0,0001-01-01,2014-04-16,HARJCS  ,14:26:43,I,0.0,N,N
2011,56328924843,0001-01-01,00:00:00,0001-01-01,N,0.0,0001-01-01,2014-04-16,HARJCS  ,14:26:43,I,0.0,N,N
2011,40153239166,0001-01-01,00:00:00,0001-01-01,N,0.0,0001-01-01,2014-04-16,HARJCS  ,14:26:43,I,0.0,N,N
2011,21938902180,0001-01-01,00:00:00,0001-01-01,N,0.0,0001-01-01,2014-04-16,HARJCS  ,14:26:43,I,0.0,N,N
2011,71073745121,0001-01-01,00:00:00,0001-01-01,N,0.0,0001-01-01,2014-04-16,HARJCS  ,14:26:43,I,0.0,N,N
2011,56211902325,0001-01-01,00:00:00,0001-01-01,N,0.0,0001-01-01,2014-04-16,HARJCS  ,14:26:43,I,0.0,N,N
2011,67362133556,0001-01-01,00:00:00,0001-01-01,N,0.0,0001-01-01,2014-04-16,HARJCS  ,14:26:43,I,0.0,N,N
2011,62248733315,0001-01-01,00:00:00,0001-01-01,N,0.0,0001-01-01,2014-04-16,HARJCS  ,14:26:43,I,0.0,N,N
2011,77300985333,0001-01-01,00:00:00,0001-01-01,N,0.0,0001-01-01,2014-04-16,HARJCS  ,14:26:43,I,0.0,N,N
2011,18588300558,0001-01-01,00:00:00,0001-01-01,N,0.0,0001-01-01,2014-04-16,HARJCS  ,14:26:43,I,0.0,N,N
2011,40746996090,0001-01-01,00:00:00,0001-01-01,N,0.0,0001-01-01,2014-04-16,HARJCS  ,14:26:43,I,0.0,N,N
2011,17754239323,0001-01-01,00:00:00,0001-01-01,N,0.0,0001-01-01,2014-04-16,HARJCS  ,14:26:43,I,0.0,N,N
2011,74842675511,0001-01-01,00:00:00,0001-01-01,N,0.0,0001-01-01,2014-04-16,HARJCS  ,14:26:43,I,0.0,N,N
2011,45987263635,0001-01-01,00:00:00,0001-01-01,N,0.0,0001-01-01,2014-05-14,HARJCS  ,14:49:23,I,0.0,N,N
2011,61222202581,0001-01-01,00:00:00,0001-01-01,N,0.0,0001-01-01,2014-07-16,HARJCS  ,12:49:12,I,0.0,N,N
2011,22220409791,0001-01-01,00:00:00,0001-01-01,N,0.0,0001-01-01,2014-07-16,HARJCS  ,12:49:12,I,0.0,N,N
2011,61680144192,0001-01-01,00:00:00,0001-01-01,N,0.0,0001-01-01,2014-07-16,HARJCS  ,12:49:12,I,0.0,N,N
2011,45048046730,0001-01-01,00:00:00,0001-01-01,N,0.0,0001-01-01,2014-07-16,HARJCS  ,12:49:12,I,0.0,N,N
2011,30796663698,0001-01-01,00:00:00,0001-01-01,N,0.0,0001-01-01,2014-07-16,HARJCS  ,12:49:12,I,0.0,N,N
2011,28120563349,0001-01-01,00:00:00,0001-01-01,N,0.0,0001-01-01,2014-07-16,HARJCS  ,12:49:12,I,0.0,N,N
2012,23794385027,0001-01-01,00:00:00,0001-01-01,N,0.0,0001-01-01,2015-05-11,HARJCS  ,16:24:34,I,0.0,N,N
2011,53103233082,0001-01-01,00:00:00,0001-01-01,N,0.0,0001-01-01,2014-11-07,HARTPE  ,14:18:43,I,0.0,N,N
2011,39288757760,0001-01-01,00:00:00,0001-01-01,N,0.0,0001-01-01,2014-11-07,HARTPE  ,14:18:43,I,0.0,N,N
2011,77071578674,0001-01-01,00:00:00,0001-01-01,N,0.0,0001-01-01,2014-11-07,HARTPE  ,14:18:43,I,0.0,N,N
2011,38141501192,0001-01-01,00:00:00,0001-01-01,N,0.0,0001-01-01,2014-11-07,HARTPE  ,14:18:43,I,0.0,N,N
2011,80320094195,0001-01-01,00:00:00,0001-01-01,N,0.0,0001-01-01,2014-12-11,HARTPE  ,15:48:31,I,0.0,N,N
2011,65446424865,0001-01-01,00:00:00,0001-01-01,N,0.0,0001-01-01,2014-12-11,HARTPE  ,15:48:31,I,0.0,N,N
2011,74046432937,0001-01-01,00:00:00,0001-01-01,N,0.0,0001-01-01,2014-12-11,HARTPE  ,15:48:31,I,0.0,N,N
2011,54425049476,0001-01-01,00:00:00,0001-01-01,N,0.0,0001-01-01,2014-12-11,HARTPE  ,15:48:31,I,0.0,N,N
2011,30476360174,0001-01-01,00:00:00,0001-01-01,N,0.0,0001-01-01,2015-02-06,HARJCS  ,16:42:02,I,0.0,N,N
2011,74548829875,0001-01-01,00:00:00,0001-01-01,N,0.0,0001-01-01,2015-02-06,HARJCS  ,16:42:02,I,0.0,N,N
2011,56936177605,0001-01-01,00:00:00,0001-01-01,N,0.0,0001-01-01,2015-02-06,HARJCS  ,16:42:02,I,0.0,N,N
2011,35171693991,0001-01-01,00:00:00,0001-01-01,N,0.0,0001-01-01,2015-02-06,HARJCS  ,16:42:02,I,0.0,N,N
2011,31729669426,0001-01-01,00:00:00,0001-01-01,N,0.0,0001-01-01,2015-02-06,HARJCS  ,16:42:02,I,0.0,N,N
2011,75032267070,0001-01-01,00:00:00,0001-01-01,N,0.0,0001-01-01,2015-02-06,HARJCS  ,16:42:02,I,0.0,N,N
2011,30951987586,0001-01-01,00:00:00,0001-01-01,N,0.0,0001-01-01,2015-04-13,HARJCS  ,12:15:57,I,0.0,N,N
2011,37524261663,0001-01-01,00:00:00,0001-01-01,N,0.0,0001-01-01,2015-04-13,HARJCS  ,12:15:57,I,0.0,N,N
2011,70229324113,0001-01-01,00:00:00,0001-01-01,N,0.0,0001-01-01,2015-05-11,HARJCS  ,16:24:34,I,0.0,N,N
2011,76560325143,0001-01-01,00:00:00,0001-01-01,N,0.0,0001-01-01,2015-07-13,HARJCS  ,17:31:10,I,0.0,N,N
2011,18576894723,0001-01-01,00:00:00,0001-01-01,N,0.0,0001-01-01,2015-07-13,HARJCS  ,17:31:10,I,0.0,N,N
2011,82175635492,0001-01-01,00:00:00,0001-01-01,N,0.0,0001-01-01,2015-07-13,HARJCS  ,17:31:10,I,0.0,N,N
2011,75933189064,0001-01-01,00:00:00,0001-01-01,N,0.0,0001-01-01,2015-07-13,HARJCS  ,17:31:10,I,0.0,N,N
2011,55913324221,0001-01-01,00:00:00,0001-01-01,N,0.0,0001-01-01,2015-07-13,HARJCS  ,17:31:10,I,0.0,N,N
2011,98662470924,0001-01-01,00:00:00,0001-01-01,N,0.0,0001-01-01,2015-07-13,HARJCS  ,17:31:10,I,0.0,N,N
2011,27313928272,0001-01-01,00:00:00,0001-01-01,N,0.0,0001-01-01,2015-07-13,HARJCS  ,17:31:10,I,0.0,N,N
2011,38273116327,0001-01-01,00:00:00,0001-01-01,N,0.0,0001-01-01,2015-08-18,HARJCS  ,14:04:32,I,0.0,N,N
2011,81104190793,0001-01-01,00:00:00,0001-01-01,N,0.0,0001-01-01,2015-09-04,HARJCS  ,13:40:54,I,0.0,N,N
2011,83490851089,0001-01-01,00:00:00,0001-01-01,N,0.0,0001-01-01,2015-12-18,HARJCS  ,15:06:04,I,0.0,N,N
2011,81905771276,0001-01-01,00:00:00,0001-01-01,N,0.0,0001-01-01,2015-12-18,HARJCS  ,15:06:04,I,0.0,N,N
2011,26982673813,0001-01-01,00:00:00,0001-01-01,N,0.0,0001-01-01,2015-12-18,HARJCS  ,15:06:04,I,0.0,N,N
2011,43843101822,0001-01-01,00:00:00,0001-01-01,N,0.0,0001-01-01,2015-12-18,HARJCS  ,15:06:04,I,0.0,N,N
2011,72459815331,0001-01-01,00:00:00,0001-01-01,N,0.0,0001-01-01,2015-12-18,HARJCS  ,15:06:04,I,0.0,N,N
2011,43383481702,0001-01-01,00:00:00,0001-01-01,N,0.0,0001-01-01,2015-12-18,HARJCS  ,15:06:04,I,0.0,N,N
2011,46397727584,0001-01-01,00:00:00,0001-01-01,N,0.0,0001-01-01,2015-12-18,HARJCS  ,15:06:04,I,0.0,N,N
2011,12463447202,0001-01-01,00:00:00,0001-01-01,N,0.0,0001-01-01,2015-12-18,HARJCS  ,15:06:04,I,0.0,N,N
2011,47000617268,0001-01-01,00:00:00,0001-01-01,N,0.0,0001-01-01,2015-12-18,HARJCS  ,15:06:04,I,0.0,N,N
2011,70718246962,0001-01-01,00:00:00,0001-01-01,N,0.0,0001-01-01,2016-01-05,HARJCS  ,12:19:35,I,0.0,N,N
2011,64044246854,0001-01-01,00:00:00,0001-01-01,N,0.0,0001-01-01,2016-01-05,HARJCS  ,12:19:35,I,0.0,N,N
2011,43481082523,0001-01-01,00:00:00,0001-01-01,N,0.0,0001-01-01,2016-01-05,HARJCS  ,12:19:35,I,0.0,N,N
2011,61994787585,0001-01-01,00:00:00,0001-01-01,N,0.0,0001-01-01,2016-01-05,HARJCS  ,12:19:35,I,0.0,N,N
2011,36215806381,0001-01-01,00:00:00,0001-01-01,N,0.0,0001-01-01,2016-02-05,HARJCS  ,14:02:53,I,0.0,N,N
2011,13170632447,0001-01-01,00:00:00,0001-01-01,N,0.0,0001-01-01,2016-02-05,HARJCS  ,14:02:53,I,0.0,N,N
2011,46306959268,0001-01-01,00:00:00,0001-01-01,N,0.0,0001-01-01,2016-03-03,HARJCS  ,13:06:58,I,0.0,N,N
2011,80317205025,0001-01-01,00:00:00,0001-01-01,N,0.0,0001-01-01,2016-04-11,HARJCS  ,16:51:17,I,0.0,N,N
2011,60798611744,0001-01-01,00:00:00,0001-01-01,N,0.0,0001-01-01,2016-04-11,HARJCS  ,16:51:17,I,0.0,N,N
2011,29215548011,0001-01-01,00:00:00,0001-01-01,N,0.0,0001-01-01,2016-05-09,HARJCS  ,15:18:44,I,0.0,N,N
2011,28332042476,0001-01-01,00:00:00,0001-01-01,N,0.0,0001-01-01,2016-09-09,HARJCS  ,09:29:36,I,0.0,N,N
2011,44415811824,0001-01-01,00:00:00,0001-01-01,N,0.0,0001-01-01,2016-09-09,HARJCS  ,09:29:36,I,0.0,N,N
2011,69871072537,0001-01-01,00:00:00,0001-01-01,N,0.0,0001-01-01,2016-09-09,HARJCS  ,09:29:36,I,0.0,N,N
2011,45431790376,0001-01-01,00:00:00,0001-01-01,N,0.0,0001-01-01,2016-10-19,HARJCS  ,11:35:45,I,0.0,N,N
2011,24039104084,0001-01-01,00:00:00,0001-01-01,N,0.0,0001-01-01,2016-12-07,HARJCS  ,13:48:44,I,0.0,N,N
2011,59766464765,0001-01-01,00:00:00,0001-01-01,N,0.0,0001-01-01,2013-01-09,HARGMC  ,12:40:18,I,0.0,N,N
2011,20272403840,0001-01-01,00:00:00,0001-01-01,N,0.0,0001-01-01,2011-10-11,HARDBA  ,13:43:26,I,0.0,N,N
2011,79943651911,0001-01-01,00:00:00,0001-01-01,N,0.0,0001-01-01,2011-10-11,HARDBA  ,13:43:26,I,0.0,N,N
2011,19862506325,0001-01-01,00:00:00,0001-01-01,N,0.0,0001-01-01,2011-10-11,HARDBA  ,13:43:26,I,0.0,N,N
2011,14602480533,0001-01-01,00:00:00,0001-01-01,N,0.0,0001-01-01,2013-01-09,HARGMC  ,12:40:18,I,0.0,N,N
2011,54462065892,0001-01-01,00:00:00,0001-01-01,N,0.0,0001-01-01,2013-01-09,HARGMC  ,12:40:18,I,0.0,N,N
2011,34065838214,0001-01-01,00:00:00,0001-01-01,N,0.0,0001-01-01,2013-01-09,HARGMC  ,12:40:18,I,0.0,N,N
2011,56595277790,0001-01-01,00:00:00,0001-01-01,N,0.0,0001-01-01,2013-01-09,HARGMC  ,12:40:18,I,0.0,N,N
2011,60098418872,0001-01-01,00:00:00,0001-01-01,N,0.0,0001-01-01,2013-01-09,HARGMC  ,12:40:18,I,0.0,N,N
2011,73939940299,0001-01-01,00:00:00,0001-01-01,N,0.0,0001-01-01,2013-01-09,HARGMC  ,12:40:18,I,0.0,N,N
2011,65854739533,0001-01-01,00:00:00,0001-01-01,N,0.0,0001-01-01,2013-01-09,HARGMC  ,12:40:18,I,0.0,N,N
2011,36260527440,0001-01-01,00:00:00,0001-01-01,N,0.0,0001-01-01,2013-01-09,HARGMC  ,12:40:18,I,0.0,N,N
2011,52929406353,0001-01-01,00:00:00,0001-01-01,N,0.0,0001-01-01,2013-01-09,HARGMC  ,12:40:18,I,0.0,N,N
2011,12238259977,0001-01-01,00:00:00,0001-01-01,N,0.0,0001-01-01,2013-01-09,HARGMC  ,12:40:18,I,0.0,N,N
2011,47727954905,0001-01-01,00:00:00,0001-01-01,N,0.0,0001-01-01,2013-01-09,HARGMC  ,12:40:18,I,0.0,N,N
2011,13451778301,0001-01-01,00:00:00,0001-01-01,N,0.0,0001-01-01,2013-01-09,HARGMC  ,12:40:18,I,0.0,N,N
2011,25442333712,0001-01-01,00:00:00,0001-01-01,N,0.0,0001-01-01,2013-06-11,HARGMC  ,10:48:31,I,0.0,N,N
2011,27912633558,0001-01-01,00:00:00,0001-01-01,N,0.0,0001-01-01,2013-08-14,HARTPE  ,08:20:55,I,0.0,N,N
2011,58428626980,0001-01-01,00:00:00,0001-01-01,N,0.0,0001-01-01,2013-09-12,HARXXX  ,12:18:21,I,0.0,N,N
2011,17546617039,0001-01-01,00:00:00,0001-01-01,N,0.0,0001-01-01,2013-09-12,HARXXX  ,12:18:21,I,0.0,N,N
2011,69823861890,0001-01-01,00:00:00,0001-01-01,N,0.0,0001-01-01,2014-04-16,HARJCS  ,14:26:43,I,0.0,N,N
2011,20811038237,0001-01-01,00:00:00,0001-01-01,N,0.0,0001-01-01,2013-12-10,HARJCS  ,11:52:39,I,0.0,N,N
2011,69390130574,0001-01-01,00:00:00,0001-01-01,N,0.0,0001-01-01,2014-10-15,HARJCS  ,12:47:32,I,0.0,N,N
2011,79484171861,0001-01-01,00:00:00,0001-01-01,N,0.0,0001-01-01,2014-10-15,HARJCS  ,12:47:32,I,0.0,N,N
2011,18398294821,0001-01-01,00:00:00,0001-01-01,N,0.0,0001-01-01,2015-02-06,HARJCS  ,16:42:02,I,0.0,N,N
2011,44439573981,0001-01-01,00:00:00,0001-01-01,N,0.0,0001-01-01,2015-08-18,HARJCS  ,14:04:32,I,0.0,N,N
2011,33817448301,0001-01-01,00:00:00,0001-01-01,N,0.0,0001-01-01,2015-08-18,HARJCS  ,14:04:32,I,0.0,N,N
2011,51327431059,0001-01-01,00:00:00,0001-01-01,N,0.0,0001-01-01,2015-09-04,HARJCS  ,13:40:54,I,0.0,N,N
2011,80651374931,0001-01-01,00:00:00,0001-01-01,N,0.0,0001-01-01,2016-01-05,HARJCS  ,12:19:35,I,0.0,N,N
2011,22785680767,0001-01-01,00:00:00,0001-01-01,N,0.0,0001-01-01,2016-01-05,HARJCS  ,12:19:35,I,0.0,N,N
2011,30947714755,0001-01-01,00:00:00,0001-01-01,N,0.0,0001-01-01,2016-06-10,HARJCS  ,15:13:46,I,0.0,N,N
2011,32227235747,0001-01-01,00:00:00,0001-01-01,N,0.0,0001-01-01,2016-12-07,HARJCS  ,13:48:44,I,0.0,N,N
2012,70278541230,0001-01-01,00:00:00,0001-01-01,N,0.0,0001-01-01,2015-02-06,HARJCS  ,16:42:02,I,0.0,N,N
2012,48096234633,0001-01-01,00:00:00,0001-01-01,N,0.0,0001-01-01,2013-01-09,HARGMC  ,12:40:17,I,0.0,N,N
2012,52507518074,0001-01-01,00:00:00,0001-01-01,N,0.0,0001-01-01,2013-01-09,HARGMC  ,12:40:18,I,0.0,N,N
2012,49896549365,0001-01-01,00:00:00,0001-01-01,N,0.0,0001-01-01,2013-01-09,HARGMC  ,12:40:17,I,0.0,N,N
2012,10793543035,0001-01-01,00:00:00,0001-01-01,N,0.0,0001-01-01,2013-01-09,HARGMC  ,12:40:18,I,0.0,N,N
2012,31029439346,0001-01-01,00:00:00,0001-01-01,N,0.0,0001-01-01,2013-01-09,HARGMC  ,12:40:18,I,0.0,N,N
2012,56300185872,0001-01-01,00:00:00,0001-01-01,N,0.0,0001-01-01,2013-01-09,HARGMC  ,12:40:18,I,0.0,N,N
2012,72105924913,0001-01-01,00:00:00,0001-01-01,N,0.0,0001-01-01,2013-01-09,HARGMC  ,12:40:18,I,0.0,N,N
2012,52584438138,0001-01-01,00:00:00,0001-01-01,N,0.0,0001-01-01,2013-02-20,HARGMC  ,13:36:14,I,0.0,N,N
2012,28260642457,0001-01-01,00:00:00,0001-01-01,N,0.0,0001-01-01,2015-02-06,HARJCS  ,16:42:02,I,0.0,N,N
2012,74292263066,0001-01-01,00:00:00,0001-01-01,N,0.0,0001-01-01,2015-12-18,HARJCS  ,15:06:04,I,0.0,N,N
2012,65722235046,0001-01-01,00:00:00,0001-01-01,N,0.0,0001-01-01,2016-01-05,HARJCS  ,12:19:35,I,0.0,N,N
2012,44179094568,0001-01-01,00:00:00,0001-01-01,N,0.0,0001-01-01,2016-04-11,HARJCS  ,16:51:17,I,0.0,N,N
2012,39284793768,0001-01-01,00:00:00,0001-01-01,N,0.0,0001-01-01,2013-01-09,HARGMC  ,12:40:18,I,0.0,N,N
2012,49290123854,0001-01-01,00:00:00,0001-01-01,N,0.0,0001-01-01,2013-01-09,HARGMC  ,12:40:18,I,0.0,N,N
2012,31140002838,0001-01-01,00:00:00,0001-01-01,N,0.0,0001-01-01,2013-01-09,HARGMC  ,12:40:18,I,0.0,N,N
2012,64354478980,0001-01-01,00:00:00,0001-01-01,N,0.0,0001-01-01,2013-01-09,HARGMC  ,12:40:18,I,0.0,N,N
2012,66633000325,0001-01-01,00:00:00,0001-01-01,N,0.0,0001-01-01,2013-01-09,HARGMC  ,12:40:18,I,0.0,N,N
2012,21930565196,0001-01-01,00:00:00,0001-01-01,N,0.0,0001-01-01,2013-01-09,HARGMC  ,12:40:18,I,0.0,N,N
2012,76033694288,0001-01-01,00:00:00,0001-01-01,N,0.0,0001-01-01,2011-10-11,HARDBA  ,13:43:26,I,0.0,N,N
2012,43272365958,0001-01-01,00:00:00,0001-01-01,N,0.0,0001-01-01,2013-01-09,HARGMC  ,12:40:18,I,0.0,N,N
2012,15452194645,0001-01-01,00:00:00,0001-01-01,N,0.0,0001-01-01,2013-01-09,HARGMC  ,12:40:18,I,0.0,N,N
2012,53307062323,0001-01-01,00:00:00,0001-01-01,N,0.0,0001-01-01,2013-01-09,HARGMC  ,12:40:18,I,0.0,N,N
2012,22132253043,0001-01-01,00:00:00,0001-01-01,N,0.0,0001-01-01,2013-01-09,HARGMC  ,12:40:18,I,0.0,N,N
2012,27012156475,0001-01-01,00:00:00,0001-01-01,N,0.0,0001-01-01,2013-01-09,HARGMC  ,12:40:18,I,0.0,N,N
2012,40341169457,0001-01-01,00:00:00,0001-01-01,N,0.0,0001-01-01,2013-01-09,HARGMC  ,12:40:18,I,0.0,N,N
2012,67021601443,0001-01-01,00:00:00,0001-01-01,N,0.0,0001-01-01,2013-01-09,HARGMC  ,12:40:18,I,0.0,N,N
2012,16657244139,0001-01-01,00:00:00,0001-01-01,N,0.0,0001-01-01,2013-01-09,HARGMC  ,12:40:18,I,0.0,N,N
2012,19968618337,0001-01-01,00:00:00,0001-01-01,N,0.0,0001-01-01,2013-01-09,HARGMC  ,12:40:18,I,0.0,N,N
2012,41180356756,0001-01-01,00:00:00,0001-01-01,N,0.0,0001-01-01,2013-01-09,HARGMC  ,12:40:18,I,0.0,N,N
2012,32613281311,0001-01-01,00:00:00,0001-01-01,N,0.0,0001-01-01,2013-02-20,HARGMC  ,13:36:14,I,0.0,N,N
2012,50027351349,0001-01-01,00:00:00,0001-01-01,N,0.0,0001-01-01,2013-02-05,HARGMC  ,12:06:30,I,0.0,N,N
2012,21613806279,0001-01-01,00:00:00,0001-01-01,N,0.0,0001-01-01,2013-04-09,HARGMC  ,13:39:15,I,0.0,N,N
2012,19214863049,0001-01-01,00:00:00,0001-01-01,N,0.0,0001-01-01,2013-04-09,HARGMC  ,13:39:15,I,0.0,N,N
2012,28723989424,0001-01-01,00:00:00,0001-01-01,N,0.0,0001-01-01,2013-04-09,HARGMC  ,13:39:15,I,0.0,N,N
2012,10064230095,0001-01-01,00:00:00,0001-01-01,N,0.0,0001-01-01,2013-04-09,HARGMC  ,13:39:15,I,0.0,N,N
2012,75507976102,0001-01-01,00:00:00,0001-01-01,N,0.0,0001-01-01,2013-04-09,HARGMC  ,13:39:15,I,0.0,N,N
2012,11878314666,0001-01-01,00:00:00,0001-01-01,N,0.0,0001-01-01,2013-05-08,HARGMC  ,07:55:44,I,0.0,N,N
2012,63370086130,0001-01-01,00:00:00,0001-01-01,N,0.0,0001-01-01,2013-07-05,HARGMC  ,05:39:38,I,0.0,N,N
2012,70946357019,0001-01-01,00:00:00,0001-01-01,N,0.0,0001-01-01,2014-04-16,HARJCS  ,14:26:43,I,0.0,N,N
2012,30338099866,0001-01-01,00:00:00,0001-01-01,N,0.0,0001-01-01,2014-04-16,HARJCS  ,14:26:43,I,0.0,N,N
2012,63748476984,0001-01-01,00:00:00,0001-01-01,N,0.0,0001-01-01,2013-11-07,HARGMC  ,06:15:33,I,0.0,N,N
2012,11422812357,0001-01-01,00:00:00,0001-01-01,N,0.0,0001-01-01,2013-12-10,HARJCS  ,11:52:39,I,0.0,N,N
2012,33045822488,0001-01-01,00:00:00,0001-01-01,N,0.0,0001-01-01,2013-12-10,HARJCS  ,11:52:39,I,0.0,N,N
2012,10979836243,0001-01-01,00:00:00,0001-01-01,N,0.0,0001-01-01,2014-01-08,HARGMC  ,06:48:30,I,0.0,N,N
2012,11139353001,0001-01-01,00:00:00,0001-01-01,N,0.0,0001-01-01,2014-01-08,HARGMC  ,06:48:30,I,0.0,N,N
2012,36538733488,0001-01-01,00:00:00,0001-01-01,N,0.0,0001-01-01,2014-04-16,HARJCS  ,14:26:43,I,0.0,N,N
2012,41228215552,0001-01-01,00:00:00,0001-01-01,N,0.0,0001-01-01,2014-04-16,HARJCS  ,14:26:43,I,0.0,N,N
2012,12279259497,0001-01-01,00:00:00,0001-01-01,N,0.0,0001-01-01,2014-04-16,HARJCS  ,14:26:43,I,0.0,N,N
2012,16801486532,0001-01-01,00:00:00,0001-01-01,N,0.0,0001-01-01,2014-04-16,HARJCS  ,14:26:43,I,0.0,N,N
2012,23964580675,0001-01-01,00:00:00,0001-01-01,N,0.0,0001-01-01,2014-05-14,HARJCS  ,14:49:23,I,0.0,N,N
2012,53559411288,0001-01-01,00:00:00,0001-01-01,N,0.0,0001-01-01,2014-06-10,HARJCS  ,13:25:57,I,0.0,N,N
2012,23175515870,0001-01-01,00:00:00,0001-01-01,N,0.0,0001-01-01,2014-07-16,HARJCS  ,12:49:12,I,0.0,N,N
2012,37503745969,0001-01-01,00:00:00,0001-01-01,N,0.0,0001-01-01,2014-08-06,HARJCS  ,17:25:37,I,0.0,N,N
2012,60569142367,0001-01-01,00:00:00,0001-01-01,N,0.0,0001-01-01,2014-09-10,HARJCS  ,14:38:55,I,0.0,N,N
2012,25752707762,0001-01-01,00:00:00,0001-01-01,N,0.0,0001-01-01,2014-09-10,HARJCS  ,14:38:55,I,0.0,N,N
2012,24895123185,0001-01-01,00:00:00,0001-01-01,N,0.0,0001-01-01,2014-11-07,HARTPE  ,14:18:43,I,0.0,N,N
2012,13879124871,0001-01-01,00:00:00,0001-01-01,N,0.0,0001-01-01,2014-11-07,HARTPE  ,14:18:43,I,0.0,N,N
2012,65527233846,0001-01-01,00:00:00,0001-01-01,N,0.0,0001-01-01,2014-11-07,HARTPE  ,14:18:43,I,0.0,N,N
2012,40708618707,0001-01-01,00:00:00,0001-01-01,N,0.0,0001-01-01,2014-12-11,HARTPE  ,15:48:31,I,0.0,N,N
2012,38131291401,0001-01-01,00:00:00,0001-01-01,N,0.0,0001-01-01,2015-02-06,HARJCS  ,16:42:02,I,0.0,N,N
2012,52236275989,0001-01-01,00:00:00,0001-01-01,N,0.0,0001-01-01,2015-02-06,HARJCS  ,16:42:02,I,0.0,N,N
2012,31058338144,0001-01-01,00:00:00,0001-01-01,N,0.0,0001-01-01,2015-04-13,HARJCS  ,12:15:57,I,0.0,N,N
2012,66180284480,0001-01-01,00:00:00,0001-01-01,N,0.0,0001-01-01,2015-05-11,HARJCS  ,16:24:34,I,0.0,N,N
2211,78652311079,0001-01-01,00:00:00,0001-01-01,N,0.0,0001-01-01,2013-04-09,HARGMC  ,13:39:15,I,0.0,N,N
2012,52452163940,0001-01-01,00:00:00,0001-01-01,N,0.0,0001-01-01,2015-07-13,HARJCS  ,17:31:10,I,0.0,N,N
2012,55319556037,0001-01-01,00:00:00,0001-01-01,N,0.0,0001-01-01,2015-07-13,HARJCS  ,17:31:10,I,0.0,N,N
2012,22049409791,0001-01-01,00:00:00,0001-01-01,N,0.0,0001-01-01,2015-08-18,HARJCS  ,14:04:32,I,0.0,N,N
2012,36358883025,0001-01-01,00:00:00,0001-01-01,N,0.0,0001-01-01,2015-08-18,HARJCS  ,14:04:32,I,0.0,N,N
2012,60396037653,0001-01-01,00:00:00,0001-01-01,N,0.0,0001-01-01,2015-09-04,HARJCS  ,13:40:54,I,0.0,N,N
2012,63742236356,0001-01-01,00:00:00,0001-01-01,N,0.0,0001-01-01,2015-12-18,HARJCS  ,15:06:04,I,0.0,N,N
2012,74795839576,0001-01-01,00:00:00,0001-01-01,N,0.0,0001-01-01,2015-12-18,HARJCS  ,15:06:04,I,0.0,N,N
2012,20291242431,0001-01-01,00:00:00,0001-01-01,N,0.0,0001-01-01,2015-12-18,HARJCS  ,15:06:04,I,0.0,N,N
2012,47412747132,0001-01-01,00:00:00,0001-01-01,N,0.0,0001-01-01,2015-12-18,HARJCS  ,15:06:04,I,0.0,N,N
2012,43533400694,0001-01-01,00:00:00,0001-01-01,N,0.0,0001-01-01,2015-12-18,HARJCS  ,15:06:04,I,0.0,N,N
2012,66839994926,0001-01-01,00:00:00,0001-01-01,N,0.0,0001-01-01,2016-01-05,HARJCS  ,12:19:35,I,0.0,N,N
2012,81130981038,0001-01-01,00:00:00,0001-01-01,N,0.0,0001-01-01,2016-02-05,HARJCS  ,14:02:53,I,0.0,N,N
2012,49697487254,0001-01-01,00:00:00,0001-01-01,N,0.0,0001-01-01,2016-02-05,HARJCS  ,14:02:53,I,0.0,N,N
2012,59709000984,0001-01-01,00:00:00,0001-01-01,N,0.0,0001-01-01,2016-02-05,HARJCS  ,14:02:53,I,0.0,N,N
2012,40699562384,0001-01-01,00:00:00,0001-01-01,N,0.0,0001-01-01,2016-02-05,HARJCS  ,14:02:53,I,0.0,N,N
2012,23880857257,0001-01-01,00:00:00,0001-01-01,N,0.0,0001-01-01,2016-02-05,HARJCS  ,14:02:53,I,0.0,N,N
2012,77465710600,0001-01-01,00:00:00,0001-01-01,N,0.0,0001-01-01,2016-03-03,HARJCS  ,13:06:58,I,0.0,N,N
2012,13681783341,0001-01-01,00:00:00,0001-01-01,N,0.0,0001-01-01,2016-04-11,HARJCS  ,16:51:17,I,0.0,N,N
2012,58216578781,0001-01-01,00:00:00,0001-01-01,N,0.0,0001-01-01,2016-05-09,HARJCS  ,15:18:44,I,0.0,N,N
2012,26930802476,0001-01-01,00:00:00,0001-01-01,N,0.0,0001-01-01,2016-05-09,HARJCS  ,15:18:44,I,0.0,N,N
2012,10868270641,0001-01-01,00:00:00,0001-01-01,N,0.0,0001-01-01,2016-09-09,HARJCS  ,09:29:36,I,0.0,N,N
2012,58028094561,0001-01-01,00:00:00,0001-01-01,N,0.0,0001-01-01,2016-10-19,HARJCS  ,11:35:45,I,0.0,N,N
2012,61307507250,0001-01-01,00:00:00,0001-01-01,N,0.0,0001-01-01,2016-12-07,HARJCS  ,13:48:44,I,0.0,N,N
2012,41179344141,0001-01-01,00:00:00,0001-01-01,N,0.0,0001-01-01,2013-01-09,HARGMC  ,12:40:18,I,0.0,N,N
2012,20776770560,0001-01-01,00:00:00,0001-01-01,N,0.0,0001-01-01,2013-01-09,HARGMC  ,12:40:18,I,0.0,N,N
2012,17213930344,0001-01-01,00:00:00,0001-01-01,N,0.0,0001-01-01,2013-01-09,HARGMC  ,12:40:18,I,0.0,N,N
2012,36658529129,0001-01-01,00:00:00,0001-01-01,N,0.0,0001-01-01,2013-01-09,HARGMC  ,12:40:18,I,0.0,N,N
2012,26109185694,0001-01-01,00:00:00,0001-01-01,N,0.0,0001-01-01,2013-01-09,HARGMC  ,12:40:18,I,0.0,N,N
2012,40212259419,0001-01-01,00:00:00,0001-01-01,N,0.0,0001-01-01,2013-01-09,HARGMC  ,12:40:18,I,0.0,N,N
2012,18129660713,0001-01-01,00:00:00,0001-01-01,N,0.0,0001-01-01,2013-01-09,HARGMC  ,12:40:18,I,0.0,N,N
2012,69634491795,0001-01-01,00:00:00,0001-01-01,N,0.0,0001-01-01,2013-02-20,HARGMC  ,13:36:14,I,0.0,N,N
2012,42285395456,0001-01-01,00:00:00,0001-01-01,N,0.0,0001-01-01,2013-09-12,HARXXX  ,12:18:21,I,0.0,N,N
2012,47007040408,0001-01-01,00:00:00,0001-01-01,N,0.0,0001-01-01,2013-12-10,HARJCS  ,11:52:39,I,0.0,N,N
2012,10690218067,0001-01-01,00:00:00,0001-01-01,N,0.0,0001-01-01,2014-04-16,HARJCS  ,14:26:43,I,0.0,N,N
2012,49242200435,0001-01-01,00:00:00,0001-01-01,N,0.0,0001-01-01,2014-08-06,HARJCS  ,17:25:37,I,0.0,N,N
2012,20223560995,0001-01-01,00:00:00,0001-01-01,N,0.0,0001-01-01,2014-10-15,HARJCS  ,12:47:32,I,0.0,N,N
2012,40342704834,0001-01-01,00:00:00,0001-01-01,N,0.0,0001-01-01,2014-12-11,HARTPE  ,15:48:31,I,0.0,N,N
2012,95098596622,0001-01-01,00:00:00,0001-01-01,N,0.0,0001-01-01,2015-12-18,HARJCS  ,15:06:04,I,0.0,N,N
2012,20819547281,0001-01-01,00:00:00,0001-01-01,N,0.0,0001-01-01,2015-12-18,HARJCS  ,15:06:04,I,0.0,N,N
2013,69361409176,0001-01-01,00:00:00,0001-01-01,N,0.0,0001-01-01,2013-07-05,HARGMC  ,05:39:38,I,0.0,N,N
2014,46426078084,0001-01-01,00:00:00,0001-01-01,N,0.0,0001-01-01,2013-01-09,HARGMC  ,12:40:17,I,0.0,N,N
2014,24799333414,0001-01-01,00:00:00,0001-01-01,N,0.0,0001-01-01,2011-10-11,HARDBA  ,13:43:26,I,0.0,N,N
2014,85569393018,0001-01-01,00:00:00,0001-01-01,N,0.0,0001-01-01,2011-10-11,HARDBA  ,13:43:26,I,0.0,N,N
2014,31029439346,0001-01-01,00:00:00,0001-01-01,N,0.0,0001-01-01,2013-01-09,HARGMC  ,12:40:18,I,0.0,N,N
2014,83033724354,0001-01-01,00:00:00,0001-01-01,N,0.0,0001-01-01,2013-01-09,HARGMC  ,12:40:18,I,0.0,N,N
2014,74370216134,0001-01-01,00:00:00,0001-01-01,N,0.0,0001-01-01,2013-11-07,HARGMC  ,06:15:33,I,0.0,N,N
2014,30924656605,0001-01-01,00:00:00,0001-01-01,N,0.0,0001-01-01,2013-12-10,HARJCS  ,11:52:39,I,0.0,N,N
2014,58917020866,0001-01-01,00:00:00,0001-01-01,N,0.0,0001-01-01,2014-04-16,HARJCS  ,14:26:43,I,0.0,N,N
2014,70475008993,0001-01-01,00:00:00,0001-01-01,N,0.0,0001-01-01,2015-04-13,HARJCS  ,12:15:57,I,0.0,N,N
2014,75531035507,0001-01-01,00:00:00,0001-01-01,N,0.0,0001-01-01,2015-12-18,HARJCS  ,15:06:04,I,0.0,N,N
2014,66776417650,0001-01-01,00:00:00,0001-01-01,N,0.0,0001-01-01,2016-02-05,HARJCS  ,14:02:53,I,0.0,N,N
2014,46672831271,0001-01-01,00:00:00,0001-01-01,N,0.0,0001-01-01,2013-01-09,HARGMC  ,12:40:18,I,0.0,N,N
2014,64455374591,0001-01-01,00:00:00,0001-01-01,N,0.0,0001-01-01,2013-01-09,HARGMC  ,12:40:18,I,0.0,N,N
2014,68554364221,0001-01-01,00:00:00,0001-01-01,N,0.0,0001-01-01,2011-10-11,HARDBA  ,13:43:26,I,0.0,N,N
2014,33202868991,0001-01-01,00:00:00,0001-01-01,N,0.0,0001-01-01,2011-10-11,HARDBA  ,13:43:26,I,0.0,N,N
2014,68210146054,0001-01-01,00:00:00,0001-01-01,N,0.0,0001-01-01,2011-10-11,HARDBA  ,13:43:26,I,0.0,N,N
2014,63900439155,0001-01-01,00:00:00,0001-01-01,N,0.0,0001-01-01,2011-10-11,HARDBA  ,13:43:26,I,0.0,N,N
2014,28101350540,0001-01-01,00:00:00,0001-01-01,N,0.0,0001-01-01,2011-10-11,HARDBA  ,13:43:26,I,0.0,N,N
2014,27801183203,0001-01-01,00:00:00,0001-01-01,N,0.0,0001-01-01,2013-01-09,HARGMC  ,12:40:18,I,0.0,N,N
2014,49102974755,0001-01-01,00:00:00,0001-01-01,N,0.0,0001-01-01,2011-10-11,HARDBA  ,13:43:26,I,0.0,N,N
2014,71000760537,0001-01-01,00:00:00,0001-01-01,N,0.0,0001-01-01,2013-01-09,HARGMC  ,12:40:18,I,0.0,N,N
2014,93382706631,0001-01-01,00:00:00,0001-01-01,N,0.0,0001-01-01,2013-01-09,HARGMC  ,12:40:18,I,0.0,N,N
2014,76190237734,0001-01-01,00:00:00,0001-01-01,N,0.0,0001-01-01,2013-01-09,HARGMC  ,12:40:18,I,0.0,N,N
2014,63576687395,0001-01-01,00:00:00,0001-01-01,N,0.0,0001-01-01,2013-02-20,HARGMC  ,13:36:14,I,0.0,N,N
2014,42541792511,0001-01-01,00:00:00,0001-01-01,N,0.0,0001-01-01,2013-06-11,HARGMC  ,10:48:31,I,0.0,N,N
2014,35883354990,0001-01-01,00:00:00,0001-01-01,N,0.0,0001-01-01,2013-06-11,HARGMC  ,10:48:31,I,0.0,N,N
2014,89371630155,0001-01-01,00:00:00,0001-01-01,N,0.0,0001-01-01,2013-07-05,HARGMC  ,05:39:38,I,0.0,N,N
2014,62337925620,0001-01-01,00:00:00,0001-01-01,N,0.0,0001-01-01,2013-11-07,HARGMC  ,06:15:33,I,0.0,N,N
2014,73592127835,0001-01-01,00:00:00,0001-01-01,N,0.0,0001-01-01,2013-11-07,HARGMC  ,06:15:33,I,0.0,N,N
2014,77524906234,0001-01-01,00:00:00,0001-01-01,N,0.0,0001-01-01,2014-05-14,HARJCS  ,14:49:23,I,0.0,N,N
2014,38675766551,0001-01-01,00:00:00,0001-01-01,N,0.0,0001-01-01,2014-05-14,HARJCS  ,14:49:23,I,0.0,N,N
2014,78659978699,0001-01-01,00:00:00,0001-01-01,N,0.0,0001-01-01,2014-12-11,HARTPE  ,15:48:31,I,0.0,N,N
2014,78338756865,0001-01-01,00:00:00,0001-01-01,N,0.0,0001-01-01,2014-12-11,HARTPE  ,15:48:31,I,0.0,N,N
2014,76794829238,0001-01-01,00:00:00,0001-01-01,N,0.0,0001-01-01,2014-12-11,HARTPE  ,15:48:31,I,0.0,N,N
2014,76868478991,0001-01-01,00:00:00,0001-01-01,N,0.0,0001-01-01,2015-07-13,HARJCS  ,17:31:10,I,0.0,N,N
2014,12166971452,0001-01-01,00:00:00,0001-01-01,N,0.0,0001-01-01,2016-03-03,HARJCS  ,13:06:58,I,0.0,N,N
2014,58213439378,0001-01-01,00:00:00,0001-01-01,N,0.0,0001-01-01,2016-05-09,HARJCS  ,15:18:44,I,0.0,N,N
2014,26904034590,0001-01-01,00:00:00,0001-01-01,N,0.0,0001-01-01,2016-09-09,HARJCS  ,09:29:36,I,0.0,N,N
2014,58213227221,0001-01-01,00:00:00,0001-01-01,N,0.0,0001-01-01,2013-01-09,HARGMC  ,12:40:18,I,0.0,N,N
2014,24537825232,0001-01-01,00:00:00,0001-01-01,N,0.0,0001-01-01,2011-10-11,HARDBA  ,13:43:26,I,0.0,N,N
2014,79241408000,0001-01-01,00:00:00,0001-01-01,N,0.0,0001-01-01,2011-10-11,HARDBA  ,13:43:26,I,0.0,N,N
2014,81385945056,0001-01-01,00:00:00,0001-01-01,N,0.0,0001-01-01,2011-10-11,HARDBA  ,13:43:26,I,0.0,N,N
2014,41792351014,0001-01-01,00:00:00,0001-01-01,N,0.0,0001-01-01,2016-07-07,HARJCS  ,14:47:26,I,0.0,N,N
2015,23527920496,0001-01-01,00:00:00,0001-01-01,N,0.0,0001-01-01,2016-11-04,HARJCS  ,11:23:10,I,0.0,N,N
2015,56300185872,0001-01-01,00:00:00,0001-01-01,N,0.0,0001-01-01,2013-11-07,HARGMC  ,06:15:33,I,0.0,N,N
2015,21316650732,0001-01-01,00:00:00,0001-01-01,N,0.0,0001-01-01,2016-09-09,HARJCS  ,09:29:36,I,0.0,N,N
2017,69120110083,0001-01-01,00:00:00,0001-01-01,N,0.0,0001-01-01,2011-10-11,HARDBA  ,13:43:26,I,0.0,N,N
2017,10234062558,0001-01-01,00:00:00,0001-01-01,N,0.0,0001-01-01,2011-10-11,HARDBA  ,13:43:26,I,0.0,N,N
2017,51464613023,0001-01-01,00:00:00,0001-01-01,N,0.0,0001-01-01,2011-10-11,HARDBA  ,13:43:26,I,0.0,N,N
2017,77380376407,0001-01-01,00:00:00,0001-01-01,N,0.0,0001-01-01,2011-10-11,HARDBA  ,13:43:26,I,0.0,N,N
2017,33096015030,0001-01-01,00:00:00,0001-01-01,N,0.0,0001-01-01,2011-10-11,HARDBA  ,13:43:26,I,0.0,N,N
2022,51825156458,0001-01-01,00:00:00,0001-01-01,N,0.0,0001-01-01,2013-08-14,HARTPE  ,08:20:55,I,0.0,N,N
2022,44430705859,0001-01-01,00:00:00,0001-01-01,N,0.0,0001-01-01,2013-07-05,HARGMC  ,05:39:37,I,0.0,N,N
2023,10016083703,0001-01-01,00:00:00,0001-01-01,N,0.0,0001-01-01,2014-01-08,HARGMC  ,06:48:30,I,0.0,N,N
2023,59875176807,0001-01-01,00:00:00,0001-01-01,N,0.0,0001-01-01,2015-12-18,HARJCS  ,15:06:04,I,0.0,N,N
2024,10072399123,0001-01-01,00:00:00,0001-01-01,N,0.0,0001-01-01,2016-08-09,HARJCS  ,08:33:26,I,0.0,N,N
2024,22987530500,0001-01-01,00:00:00,0001-01-01,N,0.0,0001-01-01,2013-01-09,HARGMC  ,12:40:18,I,0.0,N,N
2024,16482375445,0001-01-01,00:00:00,0001-01-01,N,0.0,0001-01-01,2013-01-09,HARGMC  ,12:40:18,I,0.0,N,N
2024,55887659357,0001-01-01,00:00:00,0001-01-01,N,0.0,0001-01-01,2013-01-09,HARGMC  ,12:40:18,I,0.0,N,N
2024,78912866621,0001-01-01,00:00:00,0001-01-01,N,0.0,0001-01-01,2013-01-09,HARGMC  ,12:40:18,I,0.0,N,N
2024,36848615365,0001-01-01,00:00:00,0001-01-01,N,0.0,0001-01-01,2013-01-09,HARGMC  ,12:40:18,I,0.0,N,N
2024,11272688627,0001-01-01,00:00:00,0001-01-01,N,0.0,0001-01-01,2013-01-09,HARGMC  ,12:40:18,I,0.0,N,N
2024,77272568167,0001-01-01,00:00:00,0001-01-01,N,0.0,0001-01-01,2013-01-09,HARGMC  ,12:40:18,I,0.0,N,N
2024,43444920577,0001-01-01,00:00:00,0001-01-01,N,0.0,0001-01-01,2013-06-11,HARGMC  ,10:48:31,I,0.0,N,N
2024,65297631762,0001-01-01,00:00:00,0001-01-01,N,0.0,0001-01-01,2013-06-11,HARGMC  ,10:48:31,I,0.0,N,N
2024,31132767347,0001-01-01,00:00:00,0001-01-01,N,0.0,0001-01-01,2013-08-14,HARTPE  ,08:20:55,I,0.0,N,N
2024,53980045813,0001-01-01,00:00:00,0001-01-01,N,0.0,0001-01-01,2014-04-16,HARJCS  ,14:26:43,I,0.0,N,N
2024,41302220159,0001-01-01,00:00:00,0001-01-01,N,0.0,0001-01-01,2014-04-16,HARJCS  ,14:26:43,I,0.0,N,N
2024,75188142495,0001-01-01,00:00:00,0001-01-01,N,0.0,0001-01-01,2014-04-16,HARJCS  ,14:26:43,I,0.0,N,N
2024,66670052240,0001-01-01,00:00:00,0001-01-01,N,0.0,0001-01-01,2014-04-16,HARJCS  ,14:26:43,I,0.0,N,N
2024,76602709693,0001-01-01,00:00:00,0001-01-01,N,0.0,0001-01-01,2014-07-16,HARJCS  ,12:49:12,I,0.0,N,N
2024,45309023342,0001-01-01,00:00:00,0001-01-01,N,0.0,0001-01-01,2014-07-16,HARJCS  ,12:49:12,I,0.0,N,N
2024,22196807772,0001-01-01,00:00:00,0001-01-01,N,0.0,0001-01-01,2014-08-06,HARJCS  ,17:25:37,I,0.0,N,N
2024,19468606147,0001-01-01,00:00:00,0001-01-01,N,0.0,0001-01-01,2014-09-10,HARJCS  ,14:38:55,I,0.0,N,N
2024,80906438230,0001-01-01,00:00:00,0001-01-01,N,0.0,0001-01-01,2014-11-07,HARTPE  ,14:18:43,I,0.0,N,N
2024,71575464382,0001-01-01,00:00:00,0001-01-01,N,0.0,0001-01-01,2015-02-06,HARJCS  ,16:42:02,I,0.0,N,N
2024,11071753092,0001-01-01,00:00:00,0001-01-01,N,0.0,0001-01-01,2015-07-13,HARJCS  ,17:31:10,I,0.0,N,N
2024,11687526877,0001-01-01,00:00:00,0001-01-01,N,0.0,0001-01-01,2015-12-18,HARJCS  ,15:06:04,I,0.0,N,N
2024,66399936423,0001-01-01,00:00:00,0001-01-01,N,0.0,0001-01-01,2015-12-18,HARJCS  ,15:06:04,I,0.0,N,N
2024,30728511059,0001-01-01,00:00:00,0001-01-01,N,0.0,0001-01-01,2015-12-18,HARJCS  ,15:06:04,I,0.0,N,N
2024,28521128516,0001-01-01,00:00:00,0001-01-01,N,0.0,0001-01-01,2016-01-05,HARJCS  ,12:19:35,I,0.0,N,N
2024,11568986109,0001-01-01,00:00:00,0001-01-01,N,0.0,0001-01-01,2016-01-05,HARJCS  ,12:19:35,I,0.0,N,N
2024,82228535012,0001-01-01,00:00:00,0001-01-01,N,0.0,0001-01-01,2016-04-11,HARJCS  ,16:51:17,I,0.0,N,N
2024,65936591332,0001-01-01,00:00:00,0001-01-01,N,0.0,0001-01-01,2016-05-09,HARJCS  ,15:18:44,I,0.0,N,N
2024,34919460159,0001-01-01,00:00:00,0001-01-01,N,0.0,0001-01-01,2016-10-19,HARJCS  ,11:35:45,I,0.0,N,N
2024,40524651226,0001-01-01,00:00:00,0001-01-01,N,0.0,0001-01-01,2016-11-04,HARJCS  ,11:23:10,I,0.0,N,N
2024,42771451766,0001-01-01,00:00:00,0001-01-01,N,0.0,0001-01-01,2016-11-04,HARJCS  ,11:23:10,I,0.0,N,N
2024,16330086800,0001-01-01,00:00:00,0001-01-01,N,0.0,0001-01-01,2016-11-04,HARJCS  ,11:23:10,I,0.0,N,N
2024,48768065336,0001-01-01,00:00:00,0001-01-01,N,0.0,0001-01-01,2016-11-04,HARJCS  ,11:23:10,I,0.0,N,N
2024,24554390948,0001-01-01,00:00:00,0001-01-01,N,0.0,0001-01-01,2016-12-07,HARJCS  ,13:48:44,I,0.0,N,N
2024,37582307564,0001-01-01,00:00:00,0001-01-01,N,0.0,0001-01-01,2013-01-09,HARGMC  ,12:40:18,I,0.0,N,N
2024,39588920723,0001-01-01,00:00:00,0001-01-01,N,0.0,0001-01-01,2013-01-09,HARGMC  ,12:40:18,I,0.0,N,N
2024,70603557928,0001-01-01,00:00:00,0001-01-01,N,0.0,0001-01-01,2016-04-11,HARJCS  ,16:51:17,I,0.0,N,N
2025,40055014400,0001-01-01,00:00:00,0001-01-01,N,0.0,0001-01-01,2013-01-09,HARGMC  ,12:40:18,I,0.0,N,N
2032,15681097701,0001-01-01,00:00:00,0001-01-01,N,0.0,0001-01-01,2011-10-11,HARDBA  ,13:43:26,I,0.0,N,N
2037,60603579873,0001-01-01,00:00:00,0001-01-01,N,0.0,0001-01-01,2015-12-18,HARJCS  ,15:06:04,I,0.0,N,N
2037,66277946213,0001-01-01,00:00:00,0001-01-01,N,0.0,0001-01-01,2016-01-05,HARJCS  ,12:19:35,I,0.0,N,N
2211,16681661853,0001-01-01,00:00:00,0001-01-01,N,0.0,0001-01-01,2013-01-09,HARGMC  ,12:40:17,I,0.0,N,N
2211,80847728909,0001-01-01,00:00:00,0001-01-01,N,0.0,0001-01-01,2013-01-09,HARGMC  ,12:40:17,I,0.0,N,N
2211,35822496603,0001-01-01,00:00:00,0001-01-01,N,0.0,0001-01-01,2014-08-06,HARJCS  ,17:25:37,I,0.0,N,N
2211,37885672830,0001-01-01,00:00:00,0001-01-01,N,0.0,0001-01-01,2015-08-18,HARJCS  ,14:04:32,I,0.0,N,N
2211,52551663743,0001-01-01,00:00:00,0001-01-01,N,0.0,0001-01-01,2013-01-09,HARGMC  ,12:40:18,I,0.0,N,N
2211,73627089528,0001-01-01,00:00:00,0001-01-01,N,0.0,0001-01-01,2013-01-09,HARGMC  ,12:40:18,I,0.0,N,N
2211,77567893050,0001-01-01,00:00:00,0001-01-01,N,0.0,0001-01-01,2013-01-09,HARGMC  ,12:40:18,I,0.0,N,N
2211,74118215367,0001-01-01,00:00:00,0001-01-01,N,0.0,0001-01-01,2013-02-20,HARGMC  ,13:36:14,I,0.0,N,N
2211,15311042100,0001-01-01,00:00:00,0001-01-01,N,0.0,0001-01-01,2013-04-09,HARGMC  ,13:39:15,I,0.0,N,N
2211,14331010099,0001-01-01,00:00:00,0001-01-01,N,0.0,0001-01-01,2013-05-08,HARGMC  ,07:55:44,I,0.0,N,N
2211,34445161275,0001-01-01,00:00:00,0001-01-01,N,0.0,0001-01-01,2014-04-16,HARJCS  ,14:26:43,I,0.0,N,N
2211,49739952147,0001-01-01,00:00:00,0001-01-01,N,0.0,0001-01-01,2013-12-10,HARJCS  ,11:52:39,I,0.0,N,N
2211,63307713515,0001-01-01,00:00:00,0001-01-01,N,0.0,0001-01-01,2013-12-10,HARJCS  ,11:52:39,I,0.0,N,N
2211,33173120499,0001-01-01,00:00:00,0001-01-01,N,0.0,0001-01-01,2014-04-16,HARJCS  ,14:26:43,I,0.0,N,N
2211,69734957086,0001-01-01,00:00:00,0001-01-01,N,0.0,0001-01-01,2014-05-14,HARJCS  ,14:49:23,I,0.0,N,N
2211,65749914532,0001-01-01,00:00:00,0001-01-01,N,0.0,0001-01-01,2016-03-03,HARJCS  ,13:06:58,I,0.0,N,N
2212,48888365541,0001-01-01,00:00:00,0001-01-01,N,0.0,0001-01-01,2013-01-09,HARGMC  ,12:40:18,I,0.0,N,N
2212,37527889301,0001-01-01,00:00:00,0001-01-01,N,0.0,0001-01-01,2013-01-09,HARGMC  ,12:40:18,I,0.0,N,N
2212,20721903858,0001-01-01,00:00:00,0001-01-01,N,0.0,0001-01-01,2013-04-09,HARGMC  ,13:39:15,I,0.0,N,N
2212,57620435842,0001-01-01,00:00:00,0001-01-01,N,0.0,0001-01-01,2013-05-08,HARGMC  ,07:55:44,I,0.0,N,N
2212,74037929746,0001-01-01,00:00:00,0001-01-01,N,0.0,0001-01-01,2014-04-16,HARJCS  ,14:26:43,I,0.0,N,N
2212,66951210743,0001-01-01,00:00:00,0001-01-01,N,0.0,0001-01-01,2016-12-07,HARJCS  ,13:48:44,I,0.0,N,N
2214,19772546832,0001-01-01,00:00:00,0001-01-01,N,0.0,0001-01-01,2013-01-09,HARGMC  ,12:40:18,I,0.0,N,N
2214,55557527189,0001-01-01,00:00:00,0001-01-01,N,0.0,0001-01-01,2013-01-09,HARGMC  ,12:40:18,I,0.0,N,N
2214,48129689008,0001-01-01,00:00:00,0001-01-01,N,0.0,0001-01-01,2013-01-09,HARGMC  ,12:40:18,I,0.0,N,N
2214,25081756737,0001-01-01,00:00:00,0001-01-01,N,0.0,0001-01-01,2013-01-09,HARGMC  ,12:40:18,I,0.0,N,N
2214,18149704175,0001-01-01,00:00:00,0001-01-01,N,0.0,0001-01-01,2013-04-09,HARGMC  ,13:39:15,I,0.0,N,N
2223,51708207685,0001-01-01,00:00:00,0001-01-01,N,0.0,0001-01-01,2016-07-07,HARJCS  ,14:47:26,I,0.0,N,N
2223,81508981342,0001-01-01,00:00:00,0001-01-01,N,0.0,0001-01-01,2016-07-07,HARJCS  ,14:47:26,I,0.0,N,N
2411,52507518074,0001-01-01,00:00:00,0001-01-01,N,0.0,0001-01-01,2013-01-09,HARGMC  ,12:40:18,I,0.0,N,N
2411,43219311645,0001-01-01,00:00:00,0001-01-01,N,0.0,0001-01-01,2011-10-11,HARDBA  ,13:43:26,I,0.0,N,N
2411,67685611989,0001-01-01,00:00:00,0001-01-01,N,0.0,0001-01-01,2011-10-11,HARDBA  ,13:43:26,I,0.0,N,N
2411,76177527011,0001-01-01,00:00:00,0001-01-01,N,0.0,0001-01-01,2011-10-11,HARDBA  ,13:43:26,I,0.0,N,N
2411,20561603934,0001-01-01,00:00:00,0001-01-01,N,0.0,0001-01-01,2013-01-09,HARGMC  ,12:40:18,I,0.0,N,N
2411,82914326960,0001-01-01,00:00:00,0001-01-01,N,0.0,0001-01-01,2013-01-09,HARGMC  ,12:40:18,I,0.0,N,N
2411,47520878776,0001-01-01,00:00:00,0001-01-01,N,0.0,0001-01-01,2013-01-09,HARGMC  ,12:40:18,I,0.0,N,N
2411,22467598657,0001-01-01,00:00:00,0001-01-01,N,0.0,0001-01-01,2013-01-09,HARGMC  ,12:40:18,I,0.0,N,N
2411,16135939151,0001-01-01,00:00:00,0001-01-01,N,0.0,0001-01-01,2013-01-09,HARGMC  ,12:40:18,I,0.0,N,N
2411,77055557960,0001-01-01,00:00:00,0001-01-01,N,0.0,0001-01-01,2013-01-09,HARGMC  ,12:40:18,I,0.0,N,N
2411,41272319941,0001-01-01,00:00:00,0001-01-01,N,0.0,0001-01-01,2013-01-09,HARGMC  ,12:40:18,I,0.0,N,N
2411,53826421670,0001-01-01,00:00:00,0001-01-01,N,0.0,0001-01-01,2011-10-11,HARDBA  ,13:43:26,I,0.0,N,N
2411,73140010906,0001-01-01,00:00:00,0001-01-01,N,0.0,0001-01-01,2013-01-09,HARGMC  ,12:40:18,I,0.0,N,N
2411,35953687817,0001-01-01,00:00:00,0001-01-01,N,0.0,0001-01-01,2013-01-09,HARGMC  ,12:40:18,I,0.0,N,N
2411,19715641799,0001-01-01,00:00:00,0001-01-01,N,0.0,0001-01-01,2013-01-09,HARGMC  ,12:40:18,I,0.0,N,N
2411,19498029775,0001-01-01,00:00:00,0001-01-01,N,0.0,0001-01-01,2013-01-09,HARGMC  ,12:40:18,I,0.0,N,N
2411,82773050219,0001-01-01,00:00:00,0001-01-01,N,0.0,0001-01-01,2013-01-09,HARGMC  ,12:40:18,I,0.0,N,N
2411,45891056653,0001-01-01,00:00:00,0001-01-01,N,0.0,0001-01-01,2013-01-09,HARGMC  ,12:40:18,I,0.0,N,N
2411,58291663385,0001-01-01,00:00:00,0001-01-01,N,0.0,0001-01-01,2013-01-09,HARGMC  ,12:40:18,I,0.0,N,N
2411,68859604067,0001-01-01,00:00:00,0001-01-01,N,0.0,0001-01-01,2013-04-09,HARGMC  ,13:39:15,I,0.0,N,N
2411,18198321040,0001-01-01,00:00:00,0001-01-01,N,0.0,0001-01-01,2013-04-09,HARGMC  ,13:39:15,I,0.0,N,N
2411,71107513195,0001-01-01,00:00:00,0001-01-01,N,0.0,0001-01-01,2013-04-09,HARGMC  ,13:39:15,I,0.0,N,N
2411,73413159494,0001-01-01,00:00:00,0001-01-01,N,0.0,0001-01-01,2013-04-09,HARGMC  ,13:39:15,I,0.0,N,N
2411,65249492952,0001-01-01,00:00:00,0001-01-01,N,0.0,0001-01-01,2013-07-05,HARGMC  ,05:39:38,I,0.0,N,N
2411,33750933449,0001-01-01,00:00:00,0001-01-01,N,0.0,0001-01-01,2013-07-05,HARGMC  ,05:39:38,I,0.0,N,N
2411,71125442390,0001-01-01,00:00:00,0001-01-01,N,0.0,0001-01-01,2013-12-10,HARJCS  ,11:52:39,I,0.0,N,N
2411,47858153099,0001-01-01,00:00:00,0001-01-01,N,0.0,0001-01-01,2013-12-10,HARJCS  ,11:52:39,I,0.0,N,N
2411,17501202519,0001-01-01,00:00:00,0001-01-01,N,0.0,0001-01-01,2014-06-10,HARJCS  ,13:25:57,I,0.0,N,N
2411,53708583796,0001-01-01,00:00:00,0001-01-01,N,0.0,0001-01-01,2014-11-07,HARTPE  ,14:18:43,I,0.0,N,N
2411,76303215354,0001-01-01,00:00:00,0001-01-01,N,0.0,0001-01-01,2014-12-11,HARTPE  ,15:48:31,I,0.0,N,N
2411,40160203176,0001-01-01,00:00:00,0001-01-01,N,0.0,0001-01-01,2015-12-18,HARJCS  ,15:06:04,I,0.0,N,N
2411,45654283763,0001-01-01,00:00:00,0001-01-01,N,0.0,0001-01-01,2015-12-18,HARJCS  ,15:06:04,I,0.0,N,N
2411,66111773389,0001-01-01,00:00:00,0001-01-01,N,0.0,0001-01-01,2015-12-18,HARJCS  ,15:06:04,I,0.0,N,N
2411,55796339999,0001-01-01,00:00:00,0001-01-01,N,0.0,0001-01-01,2016-01-05,HARJCS  ,12:19:35,I,0.0,N,N
2411,13723003261,0001-01-01,00:00:00,0001-01-01,N,0.0,0001-01-01,2016-10-19,HARJCS  ,11:35:45,I,0.0,N,N
2412,73090740532,0001-01-01,00:00:00,0001-01-01,N,0.0,0001-01-01,2011-10-11,HARDBA  ,13:43:27,I,0.0,N,N
2412,14118026252,0001-01-01,00:00:00,0001-01-01,N,0.0,0001-01-01,2011-10-11,HARDBA  ,13:43:27,I,0.0,N,N
2412,75548633729,0001-01-01,00:00:00,0001-01-01,N,0.0,0001-01-01,2013-11-07,HARGMC  ,06:15:33,I,0.0,N,N
2412,65177381544,0001-01-01,00:00:00,0001-01-01,N,0.0,0001-01-01,2014-05-14,HARJCS  ,14:49:23,I,0.0,N,N
2412,67476669873,0001-01-01,00:00:00,0001-01-01,N,0.0,0001-01-01,2015-09-04,HARJCS  ,13:40:54,I,0.0,N,N
2412,10177252517,0001-01-01,00:00:00,0001-01-01,N,0.0,0001-01-01,2013-01-09,HARGMC  ,12:40:18,I,0.0,N,N
2412,29104573447,0001-01-01,00:00:00,0001-01-01,N,0.0,0001-01-01,2013-01-09,HARGMC  ,12:40:18,I,0.0,N,N
2412,12380791574,0001-01-01,00:00:00,0001-01-01,N,0.0,0001-01-01,2013-01-09,HARGMC  ,12:40:18,I,0.0,N,N
2412,71487580554,0001-01-01,00:00:00,0001-01-01,N,0.0,0001-01-01,2013-01-09,HARGMC  ,12:40:18,I,0.0,N,N
2412,16819801275,0001-01-01,00:00:00,0001-01-01,N,0.0,0001-01-01,2013-01-09,HARGMC  ,12:40:18,I,0.0,N,N
2412,38220749174,0001-01-01,00:00:00,0001-01-01,N,0.0,0001-01-01,2013-01-09,HARGMC  ,12:40:18,I,0.0,N,N
2412,41856509446,0001-01-01,00:00:00,0001-01-01,N,0.0,0001-01-01,2013-01-09,HARGMC  ,12:40:18,I,0.0,N,N
2412,18123725850,0001-01-01,00:00:00,0001-01-01,N,0.0,0001-01-01,2013-01-09,HARGMC  ,12:40:18,I,0.0,N,N
2412,77207719892,0001-01-01,00:00:00,0001-01-01,N,0.0,0001-01-01,2013-04-09,HARGMC  ,13:39:15,I,0.0,N,N
2412,70460076845,0001-01-01,00:00:00,0001-01-01,N,0.0,0001-01-01,2013-04-09,HARGMC  ,13:39:15,I,0.0,N,N
2412,79538829347,0001-01-01,00:00:00,0001-01-01,N,0.0,0001-01-01,2013-06-11,HARGMC  ,10:48:31,I,0.0,N,N
2412,32809467166,0001-01-01,00:00:00,0001-01-01,N,0.0,0001-01-01,2014-07-16,HARJCS  ,12:49:12,I,0.0,N,N
2412,19882078405,0001-01-01,00:00:00,0001-01-01,N,0.0,0001-01-01,2014-09-10,HARJCS  ,14:38:55,I,0.0,N,N
2412,11753374622,0001-01-01,00:00:00,0001-01-01,N,0.0,0001-01-01,2014-12-11,HARTPE  ,15:48:31,I,0.0,N,N
2412,36099426708,0001-01-01,00:00:00,0001-01-01,N,0.0,0001-01-01,2015-07-13,HARJCS  ,17:31:10,I,0.0,N,N
2412,27533074068,0001-01-01,00:00:00,0001-01-01,N,0.0,0001-01-01,2015-07-13,HARJCS  ,17:31:10,I,0.0,N,N
2412,82903680555,0001-01-01,00:00:00,0001-01-01,N,0.0,0001-01-01,2015-12-18,HARJCS  ,15:06:04,I,0.0,N,N
2412,31505436532,0001-01-01,00:00:00,0001-01-01,N,0.0,0001-01-01,2015-12-18,HARJCS  ,15:06:04,I,0.0,N,N
2412,12368481635,0001-01-01,00:00:00,0001-01-01,N,0.0,0001-01-01,2015-12-18,HARJCS  ,15:06:04,I,0.0,N,N
2412,18949682489,0001-01-01,00:00:00,0001-01-01,N,0.0,0001-01-01,2016-01-05,HARJCS  ,12:19:35,I,0.0,N,N
2412,18607593368,0001-01-01,00:00:00,0001-01-01,N,0.0,0001-01-01,2016-10-19,HARJCS  ,11:35:45,I,0.0,N,N
2412,24669104641,0001-01-01,00:00:00,0001-01-01,N,0.0,0001-01-01,2015-12-18,HARJCS  ,15:06:04,I,0.0,N,N
2412,12313532916,0001-01-01,00:00:00,0001-01-01,N,0.0,0001-01-01,2015-12-18,HARJCS  ,15:06:04,I,0.0,N,N
2417,16963996603,0001-01-01,00:00:00,0001-01-01,N,0.0,0001-01-01,2013-07-05,HARGMC  ,05:39:38,I,0.0,N,N
2419,25871304831,0001-01-01,00:00:00,0001-01-01,N,0.0,0001-01-01,2016-04-11,HARJCS  ,16:51:17,I,0.0,N,N
2423,67688491633,0001-01-01,00:00:00,0001-01-01,N,0.0,0001-01-01,2014-04-16,HARJCS  ,14:26:43,I,0.0,N,N
2423,77811650126,0001-01-01,00:00:00,0001-01-01,N,0.0,0001-01-01,2014-04-16,HARJCS  ,14:26:43,I,0.0,N,N
2423,48306196160,0001-01-01,00:00:00,0001-01-01,N,0.0,0001-01-01,2014-04-16,HARJCS  ,14:26:43,I,0.0,N,N
2423,26004726659,0001-01-01,00:00:00,0001-01-01,N,0.0,0001-01-01,2014-04-16,HARJCS  ,14:26:43,I,0.0,N,N
2423,21339883041,0001-01-01,00:00:00,0001-01-01,N,0.0,0001-01-01,2014-04-16,HARJCS  ,14:26:43,I,0.0,N,N
2423,19621247433,0001-01-01,00:00:00,0001-01-01,N,0.0,0001-01-01,2014-05-14,HARJCS  ,14:49:23,I,0.0,N,N
2423,82280205745,0001-01-01,00:00:00,0001-01-01,N,0.0,0001-01-01,2014-06-10,HARJCS  ,13:25:57,I,0.0,N,N
2423,75118648924,0001-01-01,00:00:00,0001-01-01,N,0.0,0001-01-01,2014-06-10,HARJCS  ,13:25:57,I,0.0,N,N
2423,57908562315,0001-01-01,00:00:00,0001-01-01,N,0.0,0001-01-01,2014-06-10,HARJCS  ,13:25:57,I,0.0,N,N
2423,42387917884,0001-01-01,00:00:00,0001-01-01,N,0.0,0001-01-01,2014-06-10,HARJCS  ,13:25:57,I,0.0,N,N
2423,42411822968,0001-01-01,00:00:00,0001-01-01,N,0.0,0001-01-01,2014-06-10,HARJCS  ,13:25:57,I,0.0,N,N
2423,12697344518,0001-01-01,00:00:00,0001-01-01,N,0.0,0001-01-01,2014-09-10,HARJCS  ,14:38:55,I,0.0,N,N
2423,40684554961,0001-01-01,00:00:00,0001-01-01,N,0.0,0001-01-01,2014-09-10,HARJCS  ,14:38:55,I,0.0,N,N
2423,56737974096,0001-01-01,00:00:00,0001-01-01,N,0.0,0001-01-01,2014-11-07,HARTPE  ,14:18:43,I,0.0,N,N
2423,30877494307,0001-01-01,00:00:00,0001-01-01,N,0.0,0001-01-01,2015-08-18,HARJCS  ,14:04:32,I,0.0,N,N
2423,82079764796,0001-01-01,00:00:00,0001-01-01,N,0.0,0001-01-01,2015-08-18,HARJCS  ,14:04:32,I,0.0,N,N
2423,27611508896,0001-01-01,00:00:00,0001-01-01,N,0.0,0001-01-01,2015-12-18,HARJCS  ,15:06:04,I,0.0,N,N
2423,35747395321,0001-01-01,00:00:00,0001-01-01,N,0.0,0001-01-01,2015-12-18,HARJCS  ,15:06:04,I,0.0,N,N
2423,15807606428,0001-01-01,00:00:00,0001-01-01,N,0.0,0001-01-01,2016-04-11,HARJCS  ,16:51:17,I,0.0,N,N
2424,43523355761,0001-01-01,00:00:00,0001-01-01,N,0.0,0001-01-01,2013-02-20,HARGMC  ,13:36:14,I,0.0,N,N
2424,60563306701,0001-01-01,00:00:00,0001-01-01,N,0.0,0001-01-01,2016-10-19,HARJCS  ,11:35:45,I,0.0,N,N
2511,54186620599,0001-01-01,00:00:00,0001-01-01,N,0.0,0001-01-01,2016-10-19,HARJCS  ,11:35:45,I,0.0,N,N
2511,70216813738,0001-01-01,00:00:00,0001-01-01,N,0.0,0001-01-01,2016-11-04,HARJCS  ,11:23:10,I,0.0,N,N
2512,25166812861,0001-01-01,00:00:00,0001-01-01,N,0.0,0001-01-01,2016-09-09,HARJCS  ,09:29:36,I,0.0,N,N
2512,54152808279,0001-01-01,00:00:00,0001-01-01,N,0.0,0001-01-01,2016-09-09,HARJCS  ,09:29:36,I,0.0,N,N
2512,77573986117,0001-01-01,00:00:00,0001-01-01,N,0.0,0001-01-01,2016-09-09,HARJCS  ,09:29:36,I,0.0,N,N
2512,47525426297,0001-01-01,00:00:00,0001-01-01,N,0.0,0001-01-01,2016-09-09,HARJCS  ,09:29:36,I,0.0,N,N
2512,33399516093,0001-01-01,00:00:00,0001-01-01,N,0.0,0001-01-01,2016-11-04,HARJCS  ,11:23:10,I,0.0,N,N
2512,26328465552,0001-01-01,00:00:00,0001-01-01,N,0.0,0001-01-01,2016-11-04,HARJCS  ,11:23:10,I,0.0,N,N
2512,78097022638,0001-01-01,00:00:00,0001-01-01,N,0.0,0001-01-01,2016-12-07,HARJCS  ,13:48:44,I,0.0,N,N
